{"Year":[2017,2017,2017,2017,2017,2017,2017,2017,2017,2017,2017,2017,2017,2017,2017,2017,2017,2017,2017,2017,2017,2017,2015,2015,2015,2015,2015,2015,2015,2015,2015,2015,2015,2015,2015,2015,2015,2015,2015,2015,2015,2015,2015,2015],"NAICS Sector":["Accommodation and food services","Administrative and support, waste management and remediation services","Agriculture, forestry, fishing and hunting","Arts, entertainment and recreation","Educational services","Finance and insurance","Government services","Health care and social assistance","Households","Information and cultural industries","Manufacturing","Mining, quarrying, and oil and gas extraction","Non-profit institutions serving households","Other finance, insurance and real estate services and management of companies and enterprises","Other services (except public administration","Professional, scientific and technical services","Real estate and rental and leasing","Retail Trade","Total, industries","Total, industries and households","Transportation and warehousing","Wholesale trade","Accommodation and food services","Administrative and support, waste management and remediation services","Agriculture, forestry, fishing and hunting","Arts, entertainment and recreation","Educational services","Finance and insurance","Government services","Health care and social assistance","Households","Information and cultural industries","Manufacturing","Mining, quarrying, and oil and gas extraction","Non-profit institutions serving households","Other finance, insurance and real estate services and management of companies and enterprises","Other services (except public administration","Professional, scientific and technical services","Real estate and rental and leasing","Retail Trade","Total, industries","Total, industries and households","Transportation and warehousing","Wholesale trade"],"Value":[-6.835438669,2.201885364,14.60702348,-11.02376273,0.229078674,-8.350441633,-13.09205468,-15.08343061,-6.092074981,96.35102533,1.852411391,0.396135679,-7.991079141,-12.3590181,-10.84814398,-15.3116411,-12.86819027,-14.52655889,1.662741166,0.990351968,-8.397538482,-14.48005904,-4.207098342,64.29823074,52.65363325,-11.94147262,-13.44032718,-20.3945118,-19.91231376,-17.57601141,1.01310397,-27.12888694,-7.705950446,-6.354917647,-21.8824636,-10.1440327,-15.57134174,-20.23338048,-14.65500585,-13.07839004,-3.022425304,-2.685331854,-1.525539381,-17.38369781]}